;Appareil suivi;ID logement;Consommation annuelle;Type
0;Audio_TV;302;38.9;Barre De Son
1;Audio_TV;311;27.7;Barre De Son
2;Audio_TV;410;15.6;Barre De Son
3;Audio_TV;608;15.4;Barre De Son
4;Audio_TV;808;0.8;Barre De Son
5;Audio_TV;302;13.3;Barre De Son 2
6;Audio_TV;202;24.0;Home Cinema
7;Audio_TV;209;0.5;Home Cinema
8;Audio_TV;402;19.9;Home Cinema
9;Audio_TV;405;6.8999999999999995;Home Cinema
10;Audio_TV;602;2.2;Home Cinema
11;Audio_TV;1010;174.89999999999998;Home Cinema
12;Audio_TV;121;8.3;Barre De Son
13;Audio_TV;122;21.0;Barre De Son
14;Audio_TV;823;16.3;Barre De Son
15;Audio_TV;721;3.2;Home Cinema
344;Chaudières;102;392.0;GAZ
345;Chaudières;104;119.1;GAZ
346;Chaudières;107;278.0;GAZ
347;Chaudières;109;178.5;GAZ
348;Chaudières;110;102.5;GAZ
349;Chaudières;121;375.1;GAZ
350;Chaudières;122;81.2;GAZ
351;Chaudières;201;214.10000000000002;FIOUL
352;Chaudières;206;1067.8000000000002;GAZ
353;Chaudières;208;50.3;GAZ
354;Chaudières;210;931.7;GAZ
355;Chaudières;305;402.3;GAZ
356;Chaudières;308;122.0;GAZ
357;Chaudières;309;186.3;GAZ
358;Chaudières;311;292.1;GAZ
359;Chaudières;403;488.9;GAZ
360;Chaudières;404;566.5;GAZ
361;Chaudières;420;37.2;GAZ
362;Chaudières;501;81.7;GAZ
363;Chaudières;504;192.7;GAZ
364;Chaudières;505;168.1;GAZ
365;Chaudières;508;460.9;GAZ
366;Chaudières;509;86.8;GAZ
367;Chaudières;510;203.79999999999998;FIOUL
368;Chaudières;601;128.1;GAZ
369;Chaudières;603;654.2;GAZ
370;Chaudières;604;429.9;GAZ
371;Chaudières;605;267.9;GAZ
372;Chaudières;607;405.1;GAZ
373;Chaudières;608;721.6;GAZ
374;Chaudières;620;622.6;GAZ
375;Chaudières;701;58.7;FIOUL
376;Chaudières;702;395.2;GAZ
377;Chaudières;704;904.6999999999999;FIOUL
378;Chaudières;708;55.3;GAZ
379;Chaudières;722;235.5;FIOUL
380;Chaudières;802;-901.5;COGÉ GAZ
381;Chaudières;822;82.3;GAZ
382;Chaudières;903;249.0;GAZ
383;Chaudières;904;59.3;GAZ
384;Chaudières;911;1688.6;FIOUL
385;Chaudières;1004;978.1999999999999;FIOUL
386;Chaudières;1005;133.4;GAZ
387;Chaudières;1008;190.2;GAZ
388;Chaudières;1009;203.9;GAZ
482;Clim_mob_rafraich_Déshum;802;386.8;CLIMATISEUR SUR PRISE
483;Clim_mob_rafraich_Déshum;709;28.6;CLIMATISEUR SUR PRISE
484;Clim_mob_rafraich_Déshum;310;85.9;CLIMATISEUR SUR PRISE
485;Clim_mob_rafraich_Déshum;721;674.0;CLIMATISEUR SUR PRISE
486;Clim_mob_rafraich_Déshum;105;80.9;CLIMATISEUR SUR PRISE
487;Clim_mob_rafraich_Déshum;602;125.9;CLIMATISEUR SUR PRISE
488;Clim_mob_rafraich_Déshum;1006;25.4;CLIMATISEUR SUR PRISE
489;Clim_mob_rafraich_Déshum;903;85.1;CLIMATISEUR SUR PRISE
490;Clim_mob_rafraich_Déshum;907;49.3;CLIMATISEUR SUR PRISE
491;Clim_mob_rafraich_Déshum;102;2781.8;DÉSHUMIDIFCATEUR
492;Clim_mob_rafraich_Déshum;601;191.8;DÉSHUMIDIFCATEUR
493;Clim_mob_rafraich_Déshum;421;62.8;DÉSHUMIDIFCATEUR
494;Clim_mob_rafraich_Déshum;403;29.3;RAFRAICHISSEUR SUR PRISE
495;Clim_mob_rafraich_Déshum;604;15.5;RAFRAICHISSEUR SUR PRISE
496;Clim_mob_rafraich_Déshum;1008;0.0;RAFRAICHISSEUR SUR PRISE
497;Congélateur;101;324.70000000000005;ARMOIRE
498;Congélateur;202;235.39999999999998;ARMOIRE
499;Congélateur;203;207.3;ARMOIRE
500;Congélateur;205;538.7;ARMOIRE
501;Congélateur;206;317.9;ARMOIRE
502;Congélateur;208;187.2;ARMOIRE
503;Congélateur;208;145.5;ARMOIRE
504;Congélateur;209;189.0;ARMOIRE
505;Congélateur;210;1467.1;ARMOIRE
506;Congélateur;303;521.2;ARMOIRE
507;Congélateur;308;890.5;ARMOIRE
508;Congélateur;311;530.9;ARMOIRE
509;Congélateur;401;173.6;ARMOIRE
510;Congélateur;405;319.5;ARMOIRE
511;Congélateur;406;610.3;ARMOIRE
512;Congélateur;407;760.2;ARMOIRE
513;Congélateur;503;407.4;ARMOIRE
514;Congélateur;505;316.5;ARMOIRE
515;Congélateur;601;790.9;ARMOIRE
516;Congélateur;604;241.0;ARMOIRE
517;Congélateur;607;459.5;ARMOIRE
518;Congélateur;701;228.2;ARMOIRE
519;Congélateur;705;1266.0;ARMOIRE
520;Congélateur;708;427.0;ARMOIRE
521;Congélateur;803;622.4000000000001;ARMOIRE
522;Congélateur;804;607.1;ARMOIRE
523;Congélateur;808;415.0;ARMOIRE
524;Congélateur;809;171.5;ARMOIRE
525;Congélateur;809;105.2;ARMOIRE
526;Congélateur;902;527.9000000000001;ARMOIRE
527;Congélateur;907;1784.5;ARMOIRE
528;Congélateur;1003;427.5;ARMOIRE
529;Congélateur;1006;476.6;ARMOIRE
530;Congélateur;1007;363.4;ARMOIRE
531;Congélateur;1010;1158.1;ARMOIRE
532;Congélateur;1010;480.20000000000005;ARMOIRE
533;Congélateur;320;301.7;ARMOIRE
534;Congélateur;620;202.9;ARMOIRE
535;Congélateur;720;378.6;ARMOIRE
536;Congélateur;912;263.1;ARMOIRE
537;Congélateur;105;644.1;COFFRE
538;Congélateur;201;1152.7;COFFRE
539;Congélateur;209;292.5;COFFRE
540;Congélateur;210;343.79999999999995;COFFRE
541;Congélateur;403;431.4;COFFRE
542;Congélateur;503;876.6;COFFRE
543;Congélateur;510;1477.2;COFFRE
544;Congélateur;602;441.1;COFFRE
545;Congélateur;603;272.0;COFFRE
546;Congélateur;607;560.0999999999999;COFFRE
547;Congélateur;709;639.9000000000001;COFFRE
548;Congélateur;709;236.60000000000002;COFFRE
549;Congélateur;802;222.6;COFFRE
550;Congélateur;809;289.5;COFFRE
551;Congélateur;810;1260.5;COFFRE
552;Congélateur;904;502.4;COFFRE
553;Congélateur;906;227.2;COFFRE
554;Congélateur;911;443.70000000000005;COFFRE
555;Congélateur;1010;250.8;COFFRE
556;Congélateur;1011;358.9;COFFRE
557;Congélateur;722;152.7;COFFRE
558;Congélateur;805;210.9;COFFRE
559;Congélateur;620;344.3;COFFRE
560;Congélateur;805;292.5;COFFRE
585;Cuisinières;601;280.8;FOUR ÉLECTRIQUE + PLAQUES GAZ
586;Cuisinières;101;224.3;FOUR ÉLECTRIQUE + PLAQUES GAZ + 1 PLAQUE ÉLECTRIQUE
587;Cuisinières;311;483.1;FOUR ÉLECTRIQUE + PLAQUES GAZ + 1 PLAQUE ÉLECTRIQUE
588;Cuisinières;503;255.5;FOUR ÉLECTRIQUE + PLAQUES GAZ + 1 PLAQUE ÉLECTRIQUE
589;Cuisinières;302;542.3;FOUR+PLAQUES ÉLECTRIQUES
590;Cuisinières;303;509.6;FOUR+PLAQUES ÉLECTRIQUES
591;Cuisinières;304;217.2;FOUR+PLAQUES ÉLECTRIQUES
592;Cuisinières;405;46.0;FOUR+PLAQUES ÉLECTRIQUES
593;Cuisinières;409;418.9;FOUR+PLAQUES ÉLECTRIQUES
594;Cuisinières;504;340.1;FOUR+PLAQUES ÉLECTRIQUES
595;Cuisinières;506;147.6;FOUR+PLAQUES ÉLECTRIQUES
596;Cuisinières;507;279.3;FOUR+PLAQUES ÉLECTRIQUES
597;Cuisinières;606;385.6;FOUR+PLAQUES ÉLECTRIQUES
598;Cuisinières;708;153.6;FOUR+PLAQUES ÉLECTRIQUES
599;Cuisinières;907;208.8;FOUR+PLAQUES ÉLECTRIQUES
600;Cuisinières;1005;443.9;FOUR+PLAQUES ÉLECTRIQUES
601;Cuisinières;121;37.9;FOUR+PLAQUES ÉLECTRIQUES
602;Cuisinières;520;135.3;FOUR+PLAQUES ÉLECTRIQUES
603;Cuisinières;603;212.8;FOUR+PLAQUES ÉLECTRIQUES
604;Cuisinières;722;543.3;FOUR+PLAQUES ÉLECTRIQUES
605;Divers cuisine;1004;2.8;BLENDER
606;Divers cuisine;208;18.5;CUISSEUR VAPEUR
607;Divers cuisine;606;1.4;CUISSEUR VAPEUR
608;Divers cuisine;1004;34.2;CUISSEUR VAPEUR
609;Divers cuisine;1011;37.2;CUISSEUR VAPEUR
610;Divers cuisine;306;0.0;DESHYDRATEUR
611;Divers cuisine;809;38.0;DESHYDRATEUR
612;Divers cuisine;308;47.5;FRITEUSE
613;Divers cuisine;510;17.8;FRITEUSE
614;Divers cuisine;801;12.8;FRITEUSE
615;Divers cuisine;902;29.3;FRITEUSE
616;Divers cuisine;903;43.8;FRITEUSE
617;Divers cuisine;201;6.6;GRILLE PAIN
618;Divers cuisine;205;10.6;GRILLE PAIN
619;Divers cuisine;207;2.5;GRILLE PAIN
620;Divers cuisine;420;0.9;GRILLE PAIN
621;Divers cuisine;410;4.2;MACHINE À PAIN
622;Divers cuisine;204;0.0;PLANCHA ÉLECTRIQUE
623;Divers cuisine;307;0.0;PLANCHA ÉLECTRIQUE
624;Divers cuisine;922;0.4;PLANCHA ÉLECTRIQUE
625;Divers cuisine;209;3.3;RACLETTE
626;Divers cuisine;601;38.900000000000006;RICE COOKER
627;Divers cuisine;907;6.5;RICE COOKER
628;Eau chaude sanitaire;108;433.3;CETI
629;Eau chaude sanitaire;206;1854.5;CETI
630;Eau chaude sanitaire;401;1205.7;CETI
631;Eau chaude sanitaire;408;457.0;CETI
632;Eau chaude sanitaire;902;1667.2;CETI
633;Eau chaude sanitaire;1007;1333.6;CETI
634;Eau chaude sanitaire;1011;2590.3999999999996;JOULE / CETI
635;Eau chaude sanitaire;101;1804.6999999999998;JOULE
636;Eau chaude sanitaire;103;2370.5;JOULE
637;Eau chaude sanitaire;201;1493.0;JOULE
638;Eau chaude sanitaire;202;2869.2;JOULE
639;Eau chaude sanitaire;202;1075.8;JOULE
640;Eau chaude sanitaire;203;1785.0;JOULE
641;Eau chaude sanitaire;204;2915.4;JOULE
642;Eau chaude sanitaire;205;2276.8;JOULE
643;Eau chaude sanitaire;207;1833.7;JOULE
644;Eau chaude sanitaire;209;2765.7;JOULE
645;Eau chaude sanitaire;304;2266.3;JOULE
646;Eau chaude sanitaire;306;3929.2;JOULE
647;Eau chaude sanitaire;310;1778.0;JOULE
648;Eau chaude sanitaire;402;3178.0;JOULE
649;Eau chaude sanitaire;405;1062.3;JOULE
650;Eau chaude sanitaire;406;4681.5;JOULE
651;Eau chaude sanitaire;407;4175.7;JOULE
652;Eau chaude sanitaire;409;3346.2;JOULE
653;Eau chaude sanitaire;410;1536.4;JOULE
654;Eau chaude sanitaire;502;3782.4;JOULE
655;Eau chaude sanitaire;503;6481.8;JOULE
656;Eau chaude sanitaire;506;2855.3;JOULE
657;Eau chaude sanitaire;510;4313.4;JOULE
658;Eau chaude sanitaire;601;2710.2;JOULE
659;Eau chaude sanitaire;607;4314.0;JOULE
660;Eau chaude sanitaire;703;4071.3;JOULE
661;Eau chaude sanitaire;705;3949.3;JOULE
662;Eau chaude sanitaire;706;3590.7;JOULE
663;Eau chaude sanitaire;707;2167.5;JOULE
664;Eau chaude sanitaire;709;4977.7;JOULE
665;Eau chaude sanitaire;801;5765.299999999999;JOULE
666;Eau chaude sanitaire;805;4387.0;JOULE
667;Eau chaude sanitaire;806;2875.3999999999996;JOULE
668;Eau chaude sanitaire;807;4750.5;JOULE
669;Eau chaude sanitaire;808;2125.5;JOULE
670;Eau chaude sanitaire;809;3518.4;JOULE
671;Eau chaude sanitaire;810;6652.200000000001;JOULE
672;Eau chaude sanitaire;901;1314.8;JOULE
673;Eau chaude sanitaire;905;1345.6;JOULE
674;Eau chaude sanitaire;906;2222.0;JOULE
675;Eau chaude sanitaire;907;1198.2;JOULE
676;Eau chaude sanitaire;909;2671.0;JOULE
677;Eau chaude sanitaire;910;1147.4;JOULE
678;Eau chaude sanitaire;911;296.5;JOULE
679;Eau chaude sanitaire;911;2733.5;JOULE
680;Eau chaude sanitaire;912;1549.5;JOULE
681;Eau chaude sanitaire;1001;1178.1;JOULE
682;Eau chaude sanitaire;1002;1499.8;JOULE
683;Eau chaude sanitaire;1003;2510.0;JOULE
684;Eau chaude sanitaire;1006;4608.5;JOULE
685;Eau chaude sanitaire;1008;3525.1;JOULE
686;Eau chaude sanitaire;1010;2865.7;JOULE
687;Eau chaude sanitaire;120;992.7;JOULE
688;Eau chaude sanitaire;320;211.0;JOULE
689;Eau chaude sanitaire;720;1382.0;JOULE
690;Eau chaude sanitaire;721;1397.6;JOULE
691;Eau chaude sanitaire;921;1906.2;JOULE
1125;Hifi;101;1.3;HIFI
1126;Hifi;105;0.0;HIFI
1127;Hifi;109;17.3;HIFI
1128;Hifi;121;1.7;HIFI
1129;Hifi;122;16.3;HIFI
1130;Hifi;123;1.1;HIFI
1131;Hifi;203;6.7;HIFI
1132;Hifi;205;95.9;HIFI
1133;Hifi;206;98.1;HIFI
1134;Hifi;210;27.1;HIFI
1135;Hifi;301;31.2;HIFI
1136;Hifi;302;45.0;HIFI
1137;Hifi;305;5.4;HIFI
1138;Hifi;306;134.9;HIFI
1139;Hifi;310;1.8;HIFI
1140;Hifi;311;87.2;HIFI
1141;Hifi;320;8.3;HIFI
1142;Hifi;403;3.7;HIFI
1143;Hifi;407;2.2;HIFI
1144;Hifi;506;9.4;HIFI
1145;Hifi;507;121.1;HIFI
1146;Hifi;601;165.89999999999998;HIFI
1147;Hifi;602;139.6;HIFI
1148;Hifi;605;30.4;HIFI
1149;Hifi;606;0.5;HIFI
1150;Hifi;607;63.900000000000006;HIFI
1151;Hifi;702;298.5;HIFI
1152;Hifi;703;12.6;HIFI
1153;Hifi;704;107.1;HIFI
1154;Hifi;705;17.2;HIFI
1155;Hifi;706;2.0;HIFI
1156;Hifi;707;3.1;HIFI
1157;Hifi;709;7.6;HIFI
1158;Hifi;805;3.0;HIFI
1159;Hifi;809;41.0;HIFI
1160;Hifi;903;264.2;HIFI
1161;Hifi;909;2.1;HIFI
1162;Hifi;911;135.7;HIFI
1163;Hifi;912;4.6;HIFI
1164;Hifi;922;2.2;HIFI
1165;Hifi;1001;4.1;HIFI
1166;Hifi;1002;8.7;HIFI
1167;Hifi;1005;9.6;HIFI
1168;Hifi;1010;27.0;HIFI
1169;Hifi;201;10.399999999999999;HIFI 2
1196;Imprimantes;104;0.4;JET D'ENCRE
1197;Imprimantes;106;7.7;JET D'ENCRE
1198;Imprimantes;108;1.5;JET D'ENCRE
1199;Imprimantes;201;2.7;JET D'ENCRE
1200;Imprimantes;202;9.299999999999999;JET D'ENCRE
1201;Imprimantes;204;34.3;JET D'ENCRE
1202;Imprimantes;205;3.2;JET D'ENCRE
1203;Imprimantes;209;23.3;JET D'ENCRE
1204;Imprimantes;210;5.8;JET D'ENCRE
1205;Imprimantes;301;1.0;JET D'ENCRE
1206;Imprimantes;304;2.4;JET D'ENCRE
1207;Imprimantes;305;0.5;JET D'ENCRE
1208;Imprimantes;307;63.1;JET D'ENCRE
1209;Imprimantes;308;10.5;JET D'ENCRE
1210;Imprimantes;311;21.200000000000003;JET D'ENCRE
1211;Imprimantes;404;34.8;JET D'ENCRE
1212;Imprimantes;407;55.2;JET D'ENCRE
1213;Imprimantes;505;0.8;JET D'ENCRE
1214;Imprimantes;508;0.5;JET D'ENCRE
1215;Imprimantes;509;21.6;JET D'ENCRE
1216;Imprimantes;510;0.5;JET D'ENCRE
1217;Imprimantes;601;19.2;JET D'ENCRE
1218;Imprimantes;602;2.4;JET D'ENCRE
1219;Imprimantes;603;0.7;JET D'ENCRE
1220;Imprimantes;604;22.6;JET D'ENCRE
1221;Imprimantes;605;21.7;JET D'ENCRE
1222;Imprimantes;606;1.2;JET D'ENCRE
1223;Imprimantes;701;0.4;JET D'ENCRE
1224;Imprimantes;709;2.9;JET D'ENCRE
1225;Imprimantes;804;18.5;JET D'ENCRE
1226;Imprimantes;806;16.9;JET D'ENCRE
1227;Imprimantes;807;54.9;JET D'ENCRE
1228;Imprimantes;808;3.5;JET D'ENCRE
1229;Imprimantes;809;5.1;JET D'ENCRE
1230;Imprimantes;810;3.5;JET D'ENCRE
1231;Imprimantes;904;139.8;JET D'ENCRE
1232;Imprimantes;905;0.2;JET D'ENCRE
1233;Imprimantes;908;0.5;JET D'ENCRE
1234;Imprimantes;1002;3.5;JET D'ENCRE
1235;Imprimantes;1004;5.6;JET D'ENCRE
1236;Imprimantes;1005;1.0;JET D'ENCRE
1237;Imprimantes;1006;24.5;JET D'ENCRE
1238;Imprimantes;1007;5.3;JET D'ENCRE
1239;Imprimantes;1008;0.9;JET D'ENCRE
1240;Imprimantes;1011;17.6;JET D'ENCRE
1241;Imprimantes;503;0.1;JET D'ENCRE
1242;Imprimantes;520;0.3;JET D'ENCRE
1243;Imprimantes;922;1.0;JET D'ENCRE
1244;Imprimantes;105;0.5;LASER
1245;Imprimantes;206;64.2;LASER
1246;Imprimantes;302;0.9;LASER
1247;Imprimantes;410;2.8;LASER
1248;Imprimantes;803;26.4;LASER
1249;Imprimantes;902;100.0;LASER
1250;Imprimantes;907;0.30000000000000004;LASER
1251;Imprimantes;1001;2.2;LASER
1252;Imprimantes;326;1.9;LASER
1253;Lave linge;102;76.4;HUBLOT
1254;Lave linge;104;99.3;HUBLOT
1255;Lave linge;105;386.5;HUBLOT
1256;Lave linge;107;20.200000000000003;HUBLOT
1257;Lave linge;108;23.8;HUBLOT
1258;Lave linge;110;166.2;HUBLOT
1259;Lave linge;201;115.5;HUBLOT
1260;Lave linge;202;255.5;HUBLOT
1261;Lave linge;203;115.7;HUBLOT
1262;Lave linge;204;34.4;HUBLOT
1263;Lave linge;205;126.1;HUBLOT
1264;Lave linge;206;503.7;HUBLOT
1265;Lave linge;207;84.9;HUBLOT
1266;Lave linge;209;239.7;HUBLOT
1267;Lave linge;210;94.8;HUBLOT
1268;Lave linge;301;180.5;HUBLOT
1269;Lave linge;303;45.6;HUBLOT
1270;Lave linge;304;106.9;HUBLOT
1271;Lave linge;306;141.3;HUBLOT
1272;Lave linge;307;32.4;HUBLOT
1273;Lave linge;308;155.8;HUBLOT
1274;Lave linge;310;27.0;HUBLOT
1275;Lave linge;311;271.4;HUBLOT
1276;Lave linge;402;98.0;HUBLOT
1277;Lave linge;403;142.3;HUBLOT
1278;Lave linge;404;117.0;HUBLOT
1279;Lave linge;406;220.39999999999998;HUBLOT
1280;Lave linge;409;223.2;HUBLOT
1281;Lave linge;502;661.3;HUBLOT
1282;Lave linge;503;278.70000000000005;HUBLOT
1283;Lave linge;505;164.10000000000002;HUBLOT
1284;Lave linge;507;49.3;HUBLOT
1285;Lave linge;508;648.2;HUBLOT
1286;Lave linge;510;286.7;HUBLOT
1287;Lave linge;601;508.1;HUBLOT
1288;Lave linge;602;192.0;HUBLOT
1289;Lave linge;605;199.5;HUBLOT
1290;Lave linge;607;250.4;HUBLOT
1291;Lave linge;608;35.2;HUBLOT
1292;Lave linge;701;104.0;HUBLOT
1293;Lave linge;702;119.0;HUBLOT
1294;Lave linge;703;277.79999999999995;HUBLOT
1295;Lave linge;704;202.1;HUBLOT
1296;Lave linge;707;120.30000000000001;HUBLOT
1297;Lave linge;802;202.7;HUBLOT
1298;Lave linge;803;277.5;HUBLOT
1299;Lave linge;804;269.29999999999995;HUBLOT
1300;Lave linge;805;247.3;HUBLOT
1301;Lave linge;806;208.6;HUBLOT
1302;Lave linge;807;385.6;HUBLOT
1303;Lave linge;809;239.3;HUBLOT
1304;Lave linge;810;121.2;HUBLOT
1305;Lave linge;902;882.7;HUBLOT
1306;Lave linge;903;106.1;HUBLOT
1307;Lave linge;904;49.1;HUBLOT
1308;Lave linge;905;112.1;HUBLOT
1309;Lave linge;906;289.2;HUBLOT
1310;Lave linge;907;29.8;HUBLOT
1311;Lave linge;908;80.0;HUBLOT
1312;Lave linge;910;66.7;HUBLOT
1313;Lave linge;911;199.8;HUBLOT
1314;Lave linge;1001;102.19999999999999;HUBLOT
1315;Lave linge;1002;116.6;HUBLOT
1316;Lave linge;1003;77.9;HUBLOT
1317;Lave linge;1004;421.6;HUBLOT
1318;Lave linge;1007;251.20000000000002;HUBLOT
1319;Lave linge;1008;134.3;HUBLOT
1320;Lave linge;1009;212.1;HUBLOT
1321;Lave linge;1010;224.3;HUBLOT
1322;Lave linge;1011;492.4;HUBLOT
1323;Lave linge;120;57.6;HUBLOT
1324;Lave linge;121;109.4;HUBLOT
1325;Lave linge;123;178.9;HUBLOT
1326;Lave linge;320;5.8;HUBLOT
1327;Lave linge;326;38.5;HUBLOT
1328;Lave linge;420;34.3;HUBLOT
1329;Lave linge;421;80.8;HUBLOT
1330;Lave linge;520;27.2;HUBLOT
1331;Lave linge;720;88.2;HUBLOT
1332;Lave linge;721;75.8;HUBLOT
1333;Lave linge;722;167.0;HUBLOT
1334;Lave linge;820;63.4;HUBLOT
1335;Lave linge;821;93.1;HUBLOT
1336;Lave linge;822;43.4;HUBLOT
1337;Lave linge;823;78.3;HUBLOT
1338;Lave linge;922;19.4;HUBLOT
1339;Lave linge;305;323.9;SÉCHANTE
1340;Lave linge;405;17.1;SÉCHANTE
1341;Lave linge;504;76.0;SÉCHANTE
1342;Lave linge;801;416.7;SÉCHANTE
1343;Lave linge;101;84.4;TOP
1344;Lave linge;103;118.2;TOP
1345;Lave linge;106;62.9;TOP
1346;Lave linge;109;116.6;TOP
1347;Lave linge;208;16.1;TOP
1348;Lave linge;302;182.2;TOP
1349;Lave linge;309;44.2;TOP
1350;Lave linge;401;183.9;TOP
1351;Lave linge;407;160.0;TOP
1352;Lave linge;410;56.0;TOP
1353;Lave linge;501;145.5;TOP
1354;Lave linge;506;67.0;TOP
1355;Lave linge;509;88.3;TOP
1356;Lave linge;603;353.0;TOP
1357;Lave linge;604;154.0;TOP
1358;Lave linge;606;221.4;TOP
1359;Lave linge;705;264.9;TOP
1360;Lave linge;706;155.9;TOP
1361;Lave linge;708;80.1;TOP
1362;Lave linge;709;114.19999999999999;TOP
1363;Lave linge;808;138.0;TOP
1364;Lave linge;901;115.5;TOP
1365;Lave linge;909;100.6;TOP
1366;Lave linge;912;189.7;TOP
1367;Lave linge;1005;78.4;TOP
1368;Lave linge;1006;360.8;TOP
1369;Lave linge;122;74.2;TOP
1370;Lave linge;620;69.2;TOP
1371;Lave linge;921;110.7;TOP
1462;Loisirs;406;1554.6999999999998;Aquarium avec chauffage
1463;Loisirs;209;1642.0;Aquarium avec chauffage
1464;Loisirs;105;90.30000000000001;Aquarium juste pompe
1465;Loisirs;401;29.1;Aquarium juste pompe
1466;Loisirs;406;14.2;Aquarium juste pompe
1467;Loisirs;803;75.1;Balneo
1468;Loisirs;806;36.599999999999994;Lit Motorise
1469;Loisirs;503;52.1;Adoucisseur
1470;Loisirs;804;28.200000000000003;Adoucisseur
1471;Loisirs;106;0.0;Tapis De Course
1472;Loisirs;421;69.7;Aquarium juste pompe
1473;Loisirs;722;36.0;Aquarium juste pompe
1474;Loisirs;508;873.4;Aquarium avec chauffage
1475;Loisirs;201;537.0;Aquarium avec chauffage
1495;Mobilité_électrique;1008;6.7;TROTINETTE ÉLECTRIQUE
1496;Mobilité_électrique;703;20.8;VÉLO ÉLECTRIQUE
1497;Mobilité_électrique;806;14.6;VÉLO ÉLECTRIQUE
1498;Mobilité_électrique;911;5.199999999999999;VÉLO ÉLECTRIQUE
1499;Mobilité_électrique;1005;37.3;VÉLO ÉLECTRIQUE
1500;Mobilité_électrique;1006;40.2;VÉLO ÉLECTRIQUE
1501;Mobilité_électrique;720;1.3;VÉLO ÉLECTRIQUE
1539;Nettoyage_sols;1011;4.0;ASPIRATEUR À MAIN
1540;Nettoyage_sols;402;2.8;ASPIRATEUR À MAIN
1541;Nettoyage_sols;108;13.0;ASPIRATEUR CENTRALISÉ
1542;Nettoyage_sols;410;69.3;ASPIRATEUR CENTRALISÉ
1543;Nettoyage_sols;1010;13.5;ASPIRATEUR CENTRALISÉ
1544;Nettoyage_sols;721;19.6;ASPIRATEUR CENTRALISÉ
1545;Nettoyage_sols;305;6.4;ASPIRATEUR FILAIRE
1546;Nettoyage_sols;606;30.7;ASPIRATEUR FILAIRE
1547;Nettoyage_sols;708;4.1;ASPIRATEUR FILAIRE
1548;Nettoyage_sols;805;90.69999999999999;ASPIRATEUR FILAIRE
1549;Nettoyage_sols;105;10.5;ASPIRATEUR RECHARGEABLE
1550;Nettoyage_sols;209;18.4;ASPIRATEUR RECHARGEABLE
1551;Nettoyage_sols;401;3.5;ASPIRATEUR RECHARGEABLE
1552;Nettoyage_sols;404;8.6;ASPIRATEUR RECHARGEABLE
1553;Nettoyage_sols;409;6.6;ASPIRATEUR RECHARGEABLE
1554;Nettoyage_sols;605;1.7000000000000002;ASPIRATEUR RECHARGEABLE
1555;Nettoyage_sols;708;3.0;ASPIRATEUR RECHARGEABLE
1556;Nettoyage_sols;801;17.1;ASPIRATEUR RECHARGEABLE
1557;Nettoyage_sols;802;10.3;ASPIRATEUR RECHARGEABLE
1558;Nettoyage_sols;912;5.0;ASPIRATEUR RECHARGEABLE
1559;Nettoyage_sols;1001;1.0;ASPIRATEUR RECHARGEABLE
1560;Nettoyage_sols;1007;9.6;ASPIRATEUR RECHARGEABLE
1561;Nettoyage_sols;121;1.0;ASPIRATEUR RECHARGEABLE
1562;Nettoyage_sols;123;0.6;ASPIRATEUR RECHARGEABLE
1563;Nettoyage_sols;806;43.4;ASPIRATEUR RECHARGEABLE
1564;Nettoyage_sols;822;2.2;ASPIRATEUR RECHARGEABLE
1565;Nettoyage_sols;823;4.2;ASPIRATEUR RECHARGEABLE
1566;Nettoyage_sols;121;3.0;ASPIRATEUR RECHARGEABLE
1567;Nettoyage_sols;508;6.1;ASPIRATEUR ROBOT
1568;Nettoyage_sols;604;39.4;ASPIRATEUR ROBOT
1569;Nettoyage_sols;803;31.0;ASPIRATEUR ROBOT
1570;Nettoyage_sols;902;3.1;ASPIRATEUR ROBOT
1571;Nettoyage_sols;1006;12.1;ASPIRATEUR ROBOT
1572;Nettoyage_sols;402;4.4;NETTOYEUR VAPEUR
1573;Nettoyage_sols;708;1.9;NETTOYEUR VAPEUR
1574;Nettoyage_sols;121;1.2;NETTOYEUR VAPEUR
1735;Périph_info_bureautique;605;24.5;ASSISTANT VOCAL
1736;Périph_info_bureautique;821;19.0;ASSISTANT VOCAL
1737;Périph_info_bureautique;108;5.3;DISQUE DUR
1738;Périph_info_bureautique;705;52.6;HUB USB
1739;Périph_info_bureautique;509;13.1;SCANNER CODES BARRES
1740;Périph_info_bureautique;510;13.1;SCANNER CODES BARRES
1741;Périph_info_bureautique;704;24.5;SCANNER CODES BARRES
1742;Périph_info_bureautique;705;14.9;SCANNER CODES BARRES
1743;Périph_Internet_réseaux;304;8.0;SERVEUR
1744;Périph_Internet_réseaux;607;276.5;SERVEUR
1745;Périph_Internet_réseaux;1005;152.5;SERVEUR
1746;Périph_Internet_réseaux;1007;183.0;SERVEUR
1747;Périph_Internet_réseaux;803;87.19999999999999;SWITCH ETHERNET
1748;Periph_multimedia;204;225.2;DÉCODEUR
1749;Periph_multimedia;505;227.6;DÉCODEUR
1750;Periph_multimedia;803;195.6;DÉCODEUR
1751;Periph_multimedia;808;114.3;DÉCODEUR
1752;Periph_multimedia;810;15.9;DÉCODEUR
1753;Periph_multimedia;911;85.8;DÉCODEUR
1754;Periph_multimedia;409;1.2;LECTEUR DVD OU BLU RAY
1755;Periph_multimedia;506;2.0999999999999996;LECTEUR DVD OU BLU RAY
1756;Periph_multimedia;601;78.6;LECTEUR DVD OU BLU RAY
1757;Periph_multimedia;604;50.0;LECTEUR DVD OU BLU RAY
1758;Periph_multimedia;908;1.0;LECTEUR DVD OU BLU RAY
1759;Periph_multimedia;1001;5.1;LECTEUR DVD OU BLU RAY
1760;Periph_multimedia;1004;1.3;LECTEUR DVD OU BLU RAY
1761;Periph_multimedia;720;142.0;LECTEUR DVD OU BLU RAY
1762;Piscines;206;2679.4;SPA
1763;Piscines;502;344.0;SPA
1764;Piscines;505;215.0;PETITE
1765;Piscines;508;5033.1;SPA
1766;Piscines;508;346.5;HORS SOL
1767;Piscines;721;525.3;HORS SOL
1768;Piscines;803;364.6;PETITE
1769;Piscines;804;3382.0;HORS SOL
1770;Piscines;805;101.5;PETITE
1771;Piscines;902;474.8;HORS SOL
1772;Piscines;911;6820.5;ENTERRÉE
1773;Piscines;1004;3728.0;HORS SOL
1774;Piscines;1010;2736.0;ENTERRÉE
1775;Piscines;1011;266.6;HORS SOL
1776;Plaques cuisson;106;14.3;FONTE
1777;Plaques cuisson;603;182.1;FONTE
1778;Plaques cuisson;1002;199.10000000000002;FONTE
1779;Plaques cuisson;421;177.4;FONTE
1780;Plaques cuisson;102;151.0;INDUCTION
1781;Plaques cuisson;103;173.2;INDUCTION
1782;Plaques cuisson;108;72.2;INDUCTION
1783;Plaques cuisson;110;268.7;INDUCTION
1784;Plaques cuisson;206;316.0;INDUCTION
1785;Plaques cuisson;207;150.60000000000002;INDUCTION
1786;Plaques cuisson;306;518.2;INDUCTION
1787;Plaques cuisson;401;206.0;INDUCTION
1788;Plaques cuisson;410;195.1;INDUCTION
1789;Plaques cuisson;502;282.1;INDUCTION
1790;Plaques cuisson;508;279.2;INDUCTION
1791;Plaques cuisson;608;34.8;INDUCTION
1792;Plaques cuisson;703;640.3;INDUCTION
1793;Plaques cuisson;705;101.4;INDUCTION
1794;Plaques cuisson;706;504.8;INDUCTION
1795;Plaques cuisson;801;340.79999999999995;INDUCTION
1796;Plaques cuisson;803;401.0;INDUCTION
1797;Plaques cuisson;804;224.2;INDUCTION
1798;Plaques cuisson;806;145.5;INDUCTION
1799;Plaques cuisson;807;149.0;INDUCTION
1800;Plaques cuisson;902;463.0;INDUCTION
1801;Plaques cuisson;906;130.7;INDUCTION
1802;Plaques cuisson;908;151.7;INDUCTION
1803;Plaques cuisson;910;40.7;INDUCTION
1804;Plaques cuisson;1009;24.3;INDUCTION
1805;Plaques cuisson;1010;829.5;INDUCTION
1806;Plaques cuisson;1011;652.7;INDUCTION
1807;Plaques cuisson;123;82.6;INDUCTION
1808;Plaques cuisson;326;100.6;INDUCTION
1809;Plaques cuisson;420;18.6;INDUCTION
1810;Plaques cuisson;721;78.0;INDUCTION
1811;Plaques cuisson;820;48.2;INDUCTION
1812;Plaques cuisson;821;83.8;INDUCTION
1813;Plaques cuisson;822;41.4;INDUCTION
1814;Plaques cuisson;823;125.2;INDUCTION
1815;Plaques cuisson;921;169.6;INDUCTION
1816;Plaques cuisson;1001;96.9;INDUCTION
1817;Plaques cuisson;305;1.3;MIXTE
1818;Plaques cuisson;406;63.800000000000004;MIXTE
1819;Plaques cuisson;505;0.0;MIXTE
1820;Plaques cuisson;802;4.1;MIXTE
1821;Plaques cuisson;106;68.9;VITROCÉRAMIQUE
1822;Plaques cuisson;301;100.4;VITROCÉRAMIQUE
1823;Plaques cuisson;307;168.3;VITROCÉRAMIQUE
1824;Plaques cuisson;309;7.1;VITROCÉRAMIQUE
1825;Plaques cuisson;402;139.7;VITROCÉRAMIQUE
1826;Plaques cuisson;408;61.8;VITROCÉRAMIQUE
1827;Plaques cuisson;509;86.0;VITROCÉRAMIQUE
1828;Plaques cuisson;605;246.0;VITROCÉRAMIQUE
1829;Plaques cuisson;607;1132.8000000000002;VITROCÉRAMIQUE
1830;Plaques cuisson;704;307.9;VITROCÉRAMIQUE
1831;Plaques cuisson;707;228.5;VITROCÉRAMIQUE
1832;Plaques cuisson;905;317.8;VITROCÉRAMIQUE
1833;Plaques cuisson;911;1024.1999999999998;VITROCÉRAMIQUE
1834;Plaques cuisson;1003;321.6;VITROCÉRAMIQUE
1835;Plaques cuisson;1007;363.3;VITROCÉRAMIQUE
1836;Plaques cuisson;120;111.8;VITROCÉRAMIQUE
1837;Plaques cuisson;320;198.4;VITROCÉRAMIQUE
1838;Plaques cuisson;922;46.7;VITROCÉRAMIQUE
1839;Poêles;103;285.79999999999995;POELE A GRANULES
1840;Poêles;202;189.10000000000002;POELE A GRANULES
1841;Poêles;401;75.7;POELE A GRANULES
1842;Poêles;508;64.80000000000001;POELE A GRANULES
1843;Poêles;709;154.2;POELE A GRANULES
1844;Poêles;810;147.8;POELE A GRANULES
1845;Poêles;209;34.8;POELE A GRANULES
1846;Poêles;720;202.1;POELE A GRANULES
1847;Poêles;407;75.2;POELE PÉTROLE
1848;Pompes;906;372.6;MICROSTATION
1849;Pompes;707;9.1;POMPE CAVE
1850;Pompes;706;17.7;POMPE FOSSE SCEPTIQUE
1851;Pompes;1010;208.3;POMPE JARDIN
1852;Pompes;620;3.4;POMPE JARDIN
1853;Pompes;720;24.9;POMPE JARDIN
1854;Pompes;206;39.9;POMPE JARDIN
1989;Repassage;210;0.0;CENTRALE VAPEUR DE REPASSAGE
1990;Repassage;302;61.6;CENTRALE VAPEUR DE REPASSAGE
1991;Repassage;303;72.69999999999999;CENTRALE VAPEUR DE REPASSAGE
1992;Repassage;304;29.0;CENTRALE VAPEUR DE REPASSAGE
1993;Repassage;309;46.3;CENTRALE VAPEUR DE REPASSAGE
1994;Repassage;506;21.299999999999997;CENTRALE VAPEUR DE REPASSAGE
1995;Repassage;604;64.0;CENTRALE VAPEUR DE REPASSAGE
1996;Repassage;704;29.5;CENTRALE VAPEUR DE REPASSAGE
1997;Repassage;806;22.9;CENTRALE VAPEUR DE REPASSAGE
1998;Repassage;809;22.3;CENTRALE VAPEUR DE REPASSAGE
1999;Repassage;903;46.4;CENTRALE VAPEUR DE REPASSAGE
2000;Repassage;911;72.1;CENTRALE VAPEUR DE REPASSAGE
2001;Repassage;121;14.5;CENTRALE VAPEUR DE REPASSAGE
2002;Repassage;720;16.8;CENTRALE VAPEUR DE REPASSAGE
2003;Repassage;721;10.8;CENTRALE VAPEUR DE REPASSAGE
2004;Repassage;722;16.5;CENTRALE VAPEUR DE REPASSAGE
2005;Repassage;902;37.7;CENTRALE VAPEUR DE REPASSAGE
2006;Repassage;420;2.7;CENTRALE VAPEUR DE REPASSAGE
2007;Repassage;403;55.7;FER À REPASSER
2008;Repassage;705;85.0;FER À REPASSER
2009;Santé;201;104.8;APNESOMMEIL
2010;Santé;208;52.4;APNESOMMEIL
2011;Santé;309;121.5;APNESOMMEIL
2012;Santé;307;34.2;APNESOMMEIL
2013;Santé;407;50.0;APNESOMMEIL
2014;Santé;121;25.0;APNESOMMEIL
2015;Santé;403;46.5;CHARGEUR FAUTEUIL ROULANT
2016;Sèche linge;607;1332.4;CONDENSATION
2017;Sèche linge;701;562.9;CONDENSATION
2018;Sèche linge;809;468.6;CONDENSATION
2019;Sèche linge;304;463.4;CONDENSATION
2020;Sèche linge;802;451.3;CONDENSATION
2021;Sèche linge;311;902.6;CONDENSATION
2022;Sèche linge;1004;817.3;CONDENSATION
2023;Sèche linge;105;504.20000000000005;CONDENSATION
2024;Sèche linge;508;548.1;CONDENSATION
2025;Sèche linge;903;469.9;CONDENSATION
2026;Sèche linge;210;583.7;CONDENSATION
2027;Sèche linge;502;577.9;CONDENSATION
2028;Sèche linge;401;212.6;CONDENSATION
2029;Sèche linge;106;188.5;CONDENSATION
2030;Sèche linge;807;249.9;CONDENSATION
2031;Sèche linge;303;144.7;CONDENSATION
2032;Sèche linge;705;135.1;CONDENSATION
2033;Sèche linge;604;150.2;CONDENSATION
2034;Sèche linge;310;21.1;CONDENSATION
2035;Sèche linge;720;54.5;CONDENSATION
2036;Sèche linge;820;31.0;CONDENSATION
2037;Sèche linge;206;2390.5;EVACUATION
2038;Sèche linge;1008;562.2;EVACUATION
2039;Sèche linge;1011;851.2;EVACUATION
2040;Sèche linge;1009;831.6;EVACUATION
2041;Sèche linge;808;171.2;EVACUATION
2042;Sèche linge;1010;257.2;EVACUATION
2043;Sèche linge;702;320.9;EVACUATION
2044;Sèche linge;108;25.5;EVACUATION
2045;Sèche linge;902;641.4000000000001;POMPE À CHALEUR
2046;Sèche linge;803;459.20000000000005;POMPE À CHALEUR
2047;Sèche linge;406;248.60000000000002;POMPE À CHALEUR
2048;Sèche linge;104;53.9;POMPE À CHALEUR
2049;Sécurité;410;264.0;CAMÉRA WIFI
2050;Sécurité;709;198.2;PORTE OU PORTAIL AUTOMATIQUE
2051;Sécurité;803;231.4;PORTE OU PORTAIL AUTOMATIQUE
2052;Sécurité;1006;104.9;PORTE OU PORTAIL AUTOMATIQUE
2053;Sécurité;1007;55.8;PORTE OU PORTAIL AUTOMATIQUE
2054;Sécurité;1007;82.30000000000001;VISIOPHONE
2055;Sécurité;410;80.8;VOLETS ROULANTS
2056;Sécurité;604;35.3;VOLETS ROULANTS
2057;Sécurité;608;46.4;VOLETS ROULANTS
2058;Sécurité;708;5.8;VOLETS ROULANTS
2059;Sécurité;910;37.5;VOLETS ROULANTS
2060;Sécurité;1007;5.5;VOLETS ROULANTS
2061;Sécurité;721;1.3;VOLETS ROULANTS
2062;Sécurité;820;11.1;VOLETS ROULANTS
2063;Sécurité;823;12.4;VOLETS ROULANTS
2064;Tablettes_smartph;408;2.9;SMART PHONE
2065;Tablettes_smartph;107;8.6;SMART PHONE
2066;Tablettes_smartph;404;16.0;TABLETTE
2067;Tablettes_smartph;405;5.3;TABLETTE
2068;Tablettes_smartph;409;4.0;TABLETTE
2069;Téléviseurs;101;170.9;PRINCIPAL
2070;Téléviseurs;102;347.6;PRINCIPAL
2071;Téléviseurs;103;589.0;PRINCIPAL
2072;Téléviseurs;104;297.3;PRINCIPAL
2073;Téléviseurs;105;311.4;PRINCIPAL
2074;Téléviseurs;106;232.4;PRINCIPAL
2075;Téléviseurs;107;7.5;PRINCIPAL
2076;Téléviseurs;109;175.2;PRINCIPAL
2077;Téléviseurs;110;312.7;PRINCIPAL
2078;Téléviseurs;121;42.3;PRINCIPAL
2079;Téléviseurs;122;78.1;PRINCIPAL
2080;Téléviseurs;123;153.9;PRINCIPAL
2081;Téléviseurs;201;265.2;PRINCIPAL
2082;Téléviseurs;202;258.3;PRINCIPAL
2083;Téléviseurs;203;154.8;PRINCIPAL
2084;Téléviseurs;204;112.0;PRINCIPAL
2085;Téléviseurs;205;443.6;PRINCIPAL
2086;Téléviseurs;206;595.2;PRINCIPAL
2087;Téléviseurs;207;385.5;PRINCIPAL
2088;Téléviseurs;209;525.9;PRINCIPAL
2089;Téléviseurs;210;285.5;PRINCIPAL
2090;Téléviseurs;301;631.9;PRINCIPAL
2091;Téléviseurs;302;360.0;PRINCIPAL
2092;Téléviseurs;303;147.4;PRINCIPAL
2093;Téléviseurs;306;1465.8;PRINCIPAL
2094;Téléviseurs;307;72.1;PRINCIPAL
2095;Téléviseurs;308;177.1;PRINCIPAL
2096;Téléviseurs;310;151.9;PRINCIPAL
2097;Téléviseurs;311;696.0;PRINCIPAL
2098;Téléviseurs;320;189.9;PRINCIPAL
2099;Téléviseurs;326;260.0;PRINCIPAL
2100;Téléviseurs;401;1143.0;PRINCIPAL
2101;Téléviseurs;402;344.7;PRINCIPAL
2102;Téléviseurs;403;220.20000000000002;PRINCIPAL
2103;Téléviseurs;404;853.9;PRINCIPAL
2104;Téléviseurs;405;525.6;PRINCIPAL
2105;Téléviseurs;406;263.0;PRINCIPAL
2106;Téléviseurs;408;68.4;PRINCIPAL
2107;Téléviseurs;410;220.8;PRINCIPAL
2108;Téléviseurs;420;69.4;PRINCIPAL
2109;Téléviseurs;421;112.2;PRINCIPAL
2110;Téléviseurs;501;98.5;PRINCIPAL
2111;Téléviseurs;502;922.7;PRINCIPAL
2112;Téléviseurs;503;205.0;PRINCIPAL
2113;Téléviseurs;505;299.4;PRINCIPAL
2114;Téléviseurs;506;315.1;PRINCIPAL
2115;Téléviseurs;507;164.89999999999998;PRINCIPAL
2116;Téléviseurs;508;419.7;PRINCIPAL
2117;Téléviseurs;509;198.2;PRINCIPAL
2118;Téléviseurs;510;201.10000000000002;PRINCIPAL
2119;Téléviseurs;601;229.0;PRINCIPAL
2120;Téléviseurs;602;366.5;PRINCIPAL
2121;Téléviseurs;603;267.6;PRINCIPAL
2122;Téléviseurs;604;74.0;PRINCIPAL
2123;Téléviseurs;605;320.7;PRINCIPAL
2124;Téléviseurs;606;222.8;PRINCIPAL
2125;Téléviseurs;607;234.0;PRINCIPAL
2126;Téléviseurs;608;140.0;PRINCIPAL
2127;Téléviseurs;620;321.3;PRINCIPAL
2128;Téléviseurs;701;177.9;PRINCIPAL
2129;Téléviseurs;702;332.6;PRINCIPAL
2130;Téléviseurs;703;76.1;PRINCIPAL
2131;Téléviseurs;704;680.7;PRINCIPAL
2132;Téléviseurs;705;119.6;PRINCIPAL
2133;Téléviseurs;706;941.7;PRINCIPAL
2134;Téléviseurs;707;216.0;PRINCIPAL
2135;Téléviseurs;708;107.9;PRINCIPAL
2136;Téléviseurs;709;188.3;PRINCIPAL
2137;Téléviseurs;720;104.7;PRINCIPAL
2138;Téléviseurs;721;150.6;PRINCIPAL
2139;Téléviseurs;722;221.9;PRINCIPAL
2140;Téléviseurs;801;241.89999999999998;PRINCIPAL
2141;Téléviseurs;802;237.1;PRINCIPAL
2142;Téléviseurs;803;642.7;PRINCIPAL
2143;Téléviseurs;804;821.8;PRINCIPAL
2144;Téléviseurs;805;230.9;PRINCIPAL
2145;Téléviseurs;806;200.2;PRINCIPAL
2146;Téléviseurs;807;419.7;PRINCIPAL
2147;Téléviseurs;808;328.5;PRINCIPAL
2148;Téléviseurs;809;24.1;PRINCIPAL
2149;Téléviseurs;810;266.5;PRINCIPAL
2150;Téléviseurs;820;100.3;PRINCIPAL
2151;Téléviseurs;821;84.3;PRINCIPAL
2152;Téléviseurs;822;91.9;PRINCIPAL
2153;Téléviseurs;823;135.3;PRINCIPAL
2154;Téléviseurs;901;8.600000000000001;PRINCIPAL
2155;Téléviseurs;902;451.6;PRINCIPAL
2156;Téléviseurs;903;163.4;PRINCIPAL
2157;Téléviseurs;904;279.6;PRINCIPAL
2158;Téléviseurs;905;786.6;PRINCIPAL
2159;Téléviseurs;907;453.7;PRINCIPAL
2160;Téléviseurs;908;233.5;PRINCIPAL
2161;Téléviseurs;909;56.8;PRINCIPAL
2162;Téléviseurs;910;116.1;PRINCIPAL
2163;Téléviseurs;911;46.3;PRINCIPAL
2164;Téléviseurs;912;248.1;PRINCIPAL
2165;Téléviseurs;921;13.4;PRINCIPAL
2166;Téléviseurs;922;275.7;PRINCIPAL
2167;Téléviseurs;1001;228.6;PRINCIPAL
2168;Téléviseurs;1002;55.2;PRINCIPAL
2169;Téléviseurs;1003;254.5;PRINCIPAL
2170;Téléviseurs;1004;87.1;PRINCIPAL
2171;Téléviseurs;1005;95.3;PRINCIPAL
2172;Téléviseurs;1006;403.79999999999995;PRINCIPAL
2173;Téléviseurs;1007;254.0;PRINCIPAL
2174;Téléviseurs;1008;102.5;PRINCIPAL
2175;Téléviseurs;1009;306.29999999999995;PRINCIPAL
2176;Téléviseurs;1010;789.2;PRINCIPAL
2177;Téléviseurs;1011;918.0;PRINCIPAL
2178;Téléviseurs;201;71.2;SECONDAIRE
2179;Téléviseurs;201;24.4;SECONDAIRE
2180;Téléviseurs;202;83.2;SECONDAIRE
2181;Téléviseurs;205;49.1;SECONDAIRE
2182;Téléviseurs;210;208.1;SECONDAIRE
2183;Téléviseurs;301;10.3;SECONDAIRE
2184;Téléviseurs;302;59.1;SECONDAIRE
2185;Téléviseurs;303;286.70000000000005;SECONDAIRE
2186;Téléviseurs;406;47.8;SECONDAIRE
2187;Téléviseurs;406;40.0;SECONDAIRE
2188;Téléviseurs;501;81.6;SECONDAIRE
2189;Téléviseurs;503;311.0;SECONDAIRE
2190;Téléviseurs;507;19.4;SECONDAIRE
2191;Téléviseurs;510;8.2;SECONDAIRE
2192;Téléviseurs;602;829.0;SECONDAIRE
2193;Téléviseurs;602;79.5;SECONDAIRE
2194;Téléviseurs;705;311.1;SECONDAIRE
2195;Téléviseurs;708;0.7;SECONDAIRE
2196;Téléviseurs;722;98.7;SECONDAIRE
2197;Téléviseurs;806;115.9;SECONDAIRE
2198;Téléviseurs;823;35.8;SECONDAIRE
2199;Téléviseurs;907;92.30000000000001;SECONDAIRE
2200;Téléviseurs;910;3.4;SECONDAIRE
2201;Téléviseurs;912;102.19999999999999;SECONDAIRE
2202;Téléviseurs;1006;77.5;SECONDAIRE
2203;Téléviseurs;1011;33.1;SECONDAIRE
